model,mae,rmse,r2,directional_accuracy
ridge_regression,0.016863426198881825,0.026298256109895276,-0.012239928048433768,0.51218820861678
hist_gradient_boosting,0.017177196567879263,0.026807049222445853,-0.05178648669497954,0.5020904195011338
